model,coverage_mean,coverage_ci95,transitions_mean,transitions_ci95,entropy_mean,entropy_ci95,predictability_mean,predictability_ci95,adaptation_shift_mean,adaptation_shift_ci95,reaction_match_mean,reaction_match_ci95,decision_time_ms_mean,decision_time_ms_ci95
FSM,0.666583,0.000163,14.552000,0.063259,1.540698,0.011105,1.000000,0.000000,0.338351,0.001825,1.000000,0.000000,0.008069,0.000028
Behavior Tree,0.666667,0.000000,14.847000,0.051097,1.641554,0.008531,1.000000,0.000000,0.345750,0.001507,1.000000,0.000000,0.010077,0.000040
Stochastic BT,1.000000,0.000000,33.252000,0.088597,2.298481,0.005136,0.588418,0.001435,0.475973,0.001252,0.858666,0.001325,0.008016,0.000026
Utility AI,0.666583,0.000163,14.901000,0.049929,1.642799,0.008543,1.000000,0.000000,0.347076,0.001505,1.000000,0.000000,0.010344,0.000041
Softmax Utility AI,0.999417,0.000431,30.760000,0.144761,2.158154,0.007979,0.743887,0.001881,0.452561,0.001555,0.965792,0.000688,0.012237,0.000044
MarkovBelief,1.000000,0.000000,34.025000,0.075324,2.339884,0.005218,0.453328,0.001763,0.486278,0.001268,0.746757,0.002099,0.015633,0.000053
QLBS,1.000000,0.000000,33.917500,0.089645,2.200114,0.007244,0.436598,0.003727,0.489362,0.001329,0.528947,0.005632,0.016670,0.000065
