model,coverage_mean,coverage_ci95,transitions_mean,transitions_ci95,entropy_mean,entropy_ci95,predictability_mean,predictability_ci95,adaptation_shift_mean,adaptation_shift_ci95,reaction_match_mean,reaction_match_ci95,decision_time_ms_mean,decision_time_ms_ci95
FSM,0.656250,0.014202,12.812500,0.895064,1.511748,0.085253,1.000000,0.000000,0.341219,0.019139,1.000000,0.000000,0.011814,0.000195
Behavior Tree,0.666667,0.000000,13.375000,0.620743,1.630984,0.071609,1.000000,0.000000,0.361077,0.020645,1.000000,0.000000,0.015188,0.000276
Stochastic BT,1.000000,0.000000,27.343750,1.179451,2.270164,0.052738,0.591875,0.013872,0.466647,0.011841,0.850280,0.016973,0.011537,0.000266
Utility AI,0.661458,0.010208,13.250000,0.746761,1.619121,0.073524,1.000000,0.000000,0.338603,0.018947,1.000000,0.000000,0.013692,0.000290
Softmax Utility AI,0.963542,0.024255,24.000000,1.397061,2.128840,0.070070,0.749688,0.018865,0.458673,0.014995,0.965068,0.008914,0.016855,0.000261
MarkovBelief,0.994792,0.010208,27.593750,1.365831,2.291637,0.049859,0.476250,0.025151,0.481505,0.015257,0.748014,0.027277,0.019286,0.000613
QLBS,1.000000,0.000000,27.750000,1.127034,2.226550,0.054650,0.433750,0.024258,0.492415,0.017794,0.515549,0.042163,0.021291,0.000617
