memory_decay,cps,predictability_k2_mean,predictability_k2_ci95
0.02,0.558451762291894,0.45343213975566915,0.06314874080168185
0.05,0.4381166711668445,0.37354881670357865,0.00997058188724858
0.08,0.36415817338217077,0.3024888928735082,0.007470822624668806
0.12,0.29781901860268983,0.2436493228993229,0.0678024786324786
0.18,0.23233579135677943,0.22169547325102879,0.07115687242798346
0.25,0.18020824143584238,0.17406121399176955,0.007687757201646106
